Address,Type,Category,Status,SOL_Balance,Security_Risk,Access_Level
HKBJoeUWH6pUQuLd9CZWrJBzGSE9roEW4bshnxd9AHsR,bot_address,bot_army,not_found,0,high,unknown
EAy5Nfn6fhs4ixC4sMcKQYQaoedLokpWqbfDtWURCnk6,contract_address,bot_army,not_found,0,high,unknown
NqGHDaaLWmND7uShuaZkVbGNQFy6pS96qHyfR3pGR2d,bot_address,bot_army,not_found,0,high,unknown
HUwjG8LFabw28vJsQNoLXjxuzgdLhjGQw1DHZggzt76,contract_address,bot_army,not_found,0,high,unknown
DbhKvqweZECTyYQ7PRJoHmKt8f262fsBCGHxSaD5BPqA,bot_address,bot_army,not_found,0,high,unknown
FZxmYkA6axyK3Njh3YNWXtybw9GgniVrXowS1pAAyrD1,contract_address,bot_army,not_found,0,high,unknown
7uSCVM1MJPKctrSRzuFN7qfVoJX78q6V5q5JuzRPaK41,bot_address,bot_army,not_found,0,high,unknown
5ynYfAM7KZZXwT4dd2cZQnYhFNy1LUysE8m7Lxzjzh2p,contract_address,bot_army,not_found,0,high,unknown
3oFCkoneQShDsJMZYscXew4jGwgLjpxfykHuGo85QyLw,bot_address,bot_army,not_found,0,high,unknown
DHBDPUkLLYCRAiyrgFBgvWfevquFkLR1TjGXKD4M4JPD,contract_address,bot_army,not_found,0,high,unknown
CvQZZ23qYDWF2RUpxYJ8y9K4skmuvYEEjH7fK58jtipQ,control_address,access_control,not_found,0,high,unknown
EdFC98d1BBhJkeh7KDq26TwEGLeznhoyYsY6Y8LFY4y6,treasury_address,financial,not_found,0,high,unknown
4eJZVbbsiLAG6EkWvgEYEWKEpdhJPFBYMeJ6DBX98w6a,treasury_address,financial,not_found,0,high,unknown
8cRrU1NzNpjL3k2BwjW3VixAcX6VFc29KHr4KZg8cs2Y,treasury_address,financial,not_found,0,high,unknown
9HUvuQHBHkihcrhiucdYFjk1q4jUgozakoYsubYrHiJS,treasury_address,financial,not_found,0,high,unknown
Stake11111111111111111111111111111111111111,program_id,solana_programs,not_found,0,high,unknown
TokenkegQfeZyiNwAJbNbGKPFXCWuBvf9Ss623VQ5DA,program_id,solana_programs,not_found,0,high,unknown
ATokenGPvbdGVxr1b2hvZbsiqW5xWH25efTNsLJA8knL,program_id,solana_programs,not_found,0,high,unknown
metaqbxxUerdq28cj1RbAWkYQm3ybzjb6a8bt518x1s,program_id,solana_programs,not_found,0,high,unknown
JUP6LkbZbjS1jKKwapdHNy74zcZ3tLUZoi5QNyVTaV4,program_id,solana_programs,not_found,0,high,unknown
LBUZKhRxPF3XUpBCjp4YzTKgLccjZhTSDM9YuVaPwxo,program_id,solana_programs,not_found,0,high,unknown
675kPX9MHTjS2zt1qfr1NYHuzeLXfQM9H24wFSUt1Mp8,program_id,solana_programs,not_found,0,high,unknown
